sample_id,barcode_seq,barcode_file,project,disease,low_seqdepth,seqdepth,library
S1,,,cancer feces,cancer,FALSE,83070,cancer_01A1
S2,,,cancer feces,cancer,FALSE,161697,cancer_01B1
S3,,,cancer feces,cancer,FALSE,166414,cancer_08A1
S4,CAGTGCATATGC,muxed_S4_S5,cancer feces,cancer,FALSE,87166,cancer_09A1
S5,TCACGGGAGTTG,muxed_S4_S5,cancer feces,cancer,FALSE,42744,cancer_10A1
SRR5098710,,,healthy feces,healthy,TRUE,935,HMP_SRR5098710 
SRR5098580,,,healthy feces,healthy,TRUE,187,HMP_SRR5098580
SRR5098736,,,healthy feces,healthy,FALSE,102113,HMP_SRR5098736
SRR5098677,,,healthy feces,healthy,FALSE,104592,HMP_SRR5098677
SRR5098500,,,healthy feces,healthy,FALSE,104812,HMP_SRR5098500
SRR5098394,,,healthy feces,healthy,FALSE,105751,HMP_SRR5098394
SRR5098370,,,healthy feces,healthy,FALSE,106486,HMP_SRR5098370
SRR5098413,,,healthy feces,healthy,FALSE,107363,HMP_SRR5098413
SRR5098489,,,healthy feces,healthy,FALSE,110126,HMP_SRR5098489
SRR5098436,,,healthy feces,healthy,FALSE,112835,HMP_SRR5098436
SRR5098698,,,healthy feces,healthy,FALSE,120348,HMP_SRR5098698
SRR5098401,,,healthy feces,healthy,FALSE,126768,HMP_SRR5098401
SRR5098363,,,healthy feces,healthy,FALSE,127721,HMP_SRR5098363
SRR5098721,,,healthy feces,healthy,FALSE,140389,HMP_SRR5098721
SRR5098511,,,healthy feces,healthy,FALSE,142896,HMP_SRR5098511
SRR5098498,,,healthy feces,healthy,FALSE,151662,HMP_SRR5098498
SRR5098398,,,healthy feces,healthy,FALSE,171368,HMP_SRR5098398
SRR5098371,,,healthy feces,healthy,FALSE,192270,HMP_SRR5098371
SRR5098341,,,healthy feces,healthy,FALSE,224575,HMP_SRR5098341
SRR5098421,,,healthy feces,healthy,FALSE,262104,HMP_SRR5098421
